"Timestamp","What is your gender?","What is your age group?","How often do you purchase cosmetic or skincare products?","Approximately how much do you spend on cosmetic or skincare products each month?","How often do you discover new cosmetic or skincare brands through social media?","How would you describe your daily skincare or cosmetic routine?","How much does a celebrity or influencer endorsement increase your trust in a cosmetic product?","Would you be willing to pay more for a cosmetic product endorsed by a celebrity or influencer?","Do you feel there are too many celebrity or influencer cosmetic brands in today's market?","Have you ever purchased a cosmetic or skincare product because it was endorsed by a celebrity or influencer?","If a new cosmetic brand only provides a basic ingredient list, how much extra would you be willing to pay?","If a new cosmetic brand explains what each key ingredient does, how much extra would you be willing to pay?","If a new cosmetic brand provides ingredient information along with independent laboratory testing, how much extra would you be willing to pay?","Would you choose a new cosmetic brand over a famous brand if it provided scientific evidence supporting its product claims?","If two cosmetic products have similar quality, which factor would most influence your purchase decision?","How willing are you to try a newly launched cosmetic brand?","Imagine a new cosmetic startup has a limited launch budget and can invest in only one of the following strategies. Which would make you more likely to purchase its products?","Based on the information provided by a new cosmetic brand, how much would you trust the brand overall?","Overall, based on the startup's marketing approach and the information provided, how likely are you to purchase its product?"
"2026/07/17 9:37:35 pm GMT+5:30","Female","18–24","Rarely","500–1,500 INR","4","Minimal (1–2 products)","2","No","Yes","No","0 INR (No extra)","Up to 5% more","Up to 5% more","Yes","Ingredient transparency","2","Ingredient transparency and third-party testing","4","Likely"
"2026/07/17 9:47:50 pm GMT+5:30","Female","18–24","Rarely","Less than 500 INR","5","Minimal (1–2 products)","2","No","Yes","No","0 INR (No extra)","0 INR (No extra)","Up to 5% more","Yes","Lower price","2","Ingredient transparency and third-party testing","3","Unlikely"
"2026/07/17 9:54:03 pm GMT+5:30","Female","18–24","Rarely","500–1,500 INR","4","Minimal (1–2 products)","1","Maybe","Yes","Yes","0 INR (No extra)","5–10% more","More than 10% more","Yes","Ingredient transparency","3","Ingredient transparency and third-party testing","4","Likely"
"2026/07/17 9:55:18 pm GMT+5:30","Female","18–24","Rarely","Less than 500 INR","2","Minimal (1–2 products)","1","No","No","No","0 INR (No extra)","Up to 5% more","0 INR (No extra)","Yes","Ingredient transparency","2","Ingredient transparency and third-party testing","2","Likely"
"2026/07/17 9:56:40 pm GMT+5:30","Female","18–24","Every few months","1,501–3,000 INR","5","Moderate (3–5 products)","4","Maybe","Yes","Yes","0 INR (No extra)","0 INR (No extra)","Up to 5% more","Yes","Brand reputation","3","Celebrity or influencer endorsement","3","Likely"
"2026/07/17 9:59:24 pm GMT+5:30","Female","18–24","Rarely","500–1,500 INR","4","Minimal (1–2 products)","3","No","Yes","No","0 INR (No extra)","Up to 5% more","Up to 5% more","Yes","Ingredient transparency","3","Ingredient transparency and third-party testing","3","Likely"
"2026/07/17 10:02:55 pm GMT+5:30","Male","18–24","Every few months","Less than 500 INR","4","Minimal (1–2 products)","1","No","Yes","No","0 INR (No extra)","0 INR (No extra)","0 INR (No extra)","Yes","Lower price","3","Ingredient transparency and third-party testing","3","Likely"
"2026/07/17 10:06:23 pm GMT+5:30","Male","18–24","Rarely","Less than 500 INR","3","Minimal (1–2 products)","2","No","Yes","No","Up to 5% more","Up to 5% more","More than 10% more","Yes","Ingredient transparency","3","Ingredient transparency and third-party testing","3","Likely"
"2026/07/17 10:09:59 pm GMT+5:30","Male","18–24","Rarely","1,501–3,000 INR","5","Minimal (1–2 products)","3","Maybe","Yes","Yes","5–10% more","5–10% more","5–10% more","Yes","Lower price","4","Ingredient transparency and third-party testing","4","Likely"
"2026/07/17 10:10:04 pm GMT+5:30","Female","25–34","Monthly","500–1,500 INR","3","Minimal (1–2 products)","1","No","Yes","No","0 INR (No extra)","Up to 5% more","Up to 5% more","Yes","Ingredient transparency","3","Ingredient transparency and third-party testing","4","Likely"
"2026/07/17 10:10:39 pm GMT+5:30","Male","18–24","Rarely","Less than 500 INR","1","Minimal (1–2 products)","4","Maybe","Yes","Yes","0 INR (No extra)","Up to 5% more","5–10% more","Yes","Brand reputation","3","Ingredient transparency and third-party testing","4","Likely"
"2026/07/17 10:12:43 pm GMT+5:30","Female","18–24","Every few months","Less than 500 INR","3","Moderate (3–5 products)","2","Maybe","Yes","No","0 INR (No extra)","0 INR (No extra)","0 INR (No extra)","Yes","Ingredient transparency","1","Ingredient transparency and third-party testing","2","Likely"
"2026/07/17 10:13:51 pm GMT+5:30","Male","18–24","Every few months","500–1,500 INR","4","Minimal (1–2 products)","2","Yes","Yes","No","0 INR (No extra)","Up to 5% more","Up to 5% more","Yes","Celebrity or influencer endorsement","3","Ingredient transparency and third-party testing","3","Likely"
"2026/07/17 10:14:04 pm GMT+5:30","Male","18–24","Monthly","500–1,500 INR","3","Minimal (1–2 products)","3","No","Yes","Yes","0 INR (No extra)","Up to 5% more","Up to 5% more","Yes","Lower price","2","Ingredient transparency and third-party testing","3","Likely"
"2026/07/17 10:15:33 pm GMT+5:30","Male","18–24","Rarely","500–1,500 INR","4","Minimal (1–2 products)","1","Maybe","Yes","No","0 INR (No extra)","Up to 5% more","5–10% more","Yes","Brand reputation","2","Ingredient transparency and third-party testing","3","Likely"
"2026/07/17 10:15:33 pm GMT+5:30","Female","45+","Every few months","Less than 500 INR","5","Minimal (1–2 products)","2","No","Yes","No","0 INR (No extra)","0 INR (No extra)","Up to 5% more","Yes","Brand reputation","3","Celebrity or influencer endorsement","2","Unlikely"
"2026/07/17 10:15:47 pm GMT+5:30","Female","18–24","Every few months","500–1,500 INR","1","Minimal (1–2 products)","1","No","Yes","No","0 INR (No extra)","0 INR (No extra)","Up to 5% more","Yes","Ingredient transparency","1","Ingredient transparency and third-party testing","3","Likely"
"2026/07/17 10:24:28 pm GMT+5:30","Female","18–24","Every few months","500–1,500 INR","3","Minimal (1–2 products)","1","No","Yes","No","0 INR (No extra)","Up to 5% more","Up to 5% more","Yes","Ingredient transparency","4","Ingredient transparency and third-party testing","2","Likely"
"2026/07/17 10:24:29 pm GMT+5:30","Male","18–24","Rarely","Less than 500 INR","3","Minimal (1–2 products)","2","Maybe","Yes","Yes","5–10% more","5–10% more","Up to 5% more","Yes","Ingredient transparency","2","Ingredient transparency and third-party testing","3","Likely"
"2026/07/17 10:28:09 pm GMT+5:30","Female","18–24","Weekly","1,501–3,000 INR","5","Moderate (3–5 products)","3","No","Yes","No","0 INR (No extra)","0 INR (No extra)","Up to 5% more","Yes","Ingredient transparency","1","Ingredient transparency and third-party testing","2","Likely"
"2026/07/17 10:30:17 pm GMT+5:30","Male","18–24","Every few months","500–1,500 INR","2","Minimal (1–2 products)","1","No","No","No","0 INR (No extra)","0 INR (No extra)","Up to 5% more","Yes","Ingredient transparency","2","Ingredient transparency and third-party testing","3","Likely"
"2026/07/17 10:30:32 pm GMT+5:30","Male","18–24","Rarely","500–1,500 INR","3","Moderate (3–5 products)","4","Maybe","Yes","No","5–10% more","Up to 5% more","Up to 5% more","Yes","Celebrity or influencer endorsement","4","Ingredient transparency and third-party testing","4","Likely"
"2026/07/17 10:37:36 pm GMT+5:30","Female","35–44","Weekly","500–1,500 INR","3","Minimal (1–2 products)","4","Yes","Yes","Yes","0 INR (No extra)","0 INR (No extra)","Up to 5% more","Yes","Lower price","1","Ingredient transparency and third-party testing","1","Highly Unlikely"
"2026/07/17 10:39:06 pm GMT+5:30","Female","45+","Monthly","1,501–3,000 INR","2","Moderate (3–5 products)","1","Maybe","Yes","No","0 INR (No extra)","0 INR (No extra)","0 INR (No extra)","Yes","Ingredient transparency","1","Ingredient transparency and third-party testing","1","Unlikely"
"2026/07/17 10:41:24 pm GMT+5:30","Female","18–24","Rarely","Less than 500 INR","3","Minimal (1–2 products)","2","Maybe","Yes","Yes","Up to 5% more","Up to 5% more","Up to 5% more","Yes","Lower price","3","Celebrity or influencer endorsement","3","Likely"
"2026/07/17 10:43:13 pm GMT+5:30","Male","18–24","Every few months","1,501–3,000 INR","3","Minimal (1–2 products)","1","No","Yes","No","0 INR (No extra)","Up to 5% more","Up to 5% more","Yes","Ingredient transparency","1","Ingredient transparency and third-party testing","3","Unlikely"
"2026/07/17 10:45:09 pm GMT+5:30","Female","18–24","Rarely","Less than 500 INR","4","Minimal (1–2 products)","3","Maybe","Yes","Yes","Up to 5% more","5–10% more","Up to 5% more","Yes","Ingredient transparency","3","Celebrity or influencer endorsement","3","Likely"
"2026/07/17 10:46:25 pm GMT+5:30","Female","18–24","Monthly","1,501–3,000 INR","2","Moderate (3–5 products)","3","Maybe","No","No","0 INR (No extra)","0 INR (No extra)","0 INR (No extra)","Yes","Brand reputation","2","Ingredient transparency and third-party testing","2","Unlikely"
"2026/07/17 10:51:14 pm GMT+5:30","Male","45+","Rarely","Less than 500 INR","1","Minimal (1–2 products)","1","No","Yes","No","Up to 5% more","Up to 5% more","Up to 5% more","Yes","Ingredient transparency","3","Ingredient transparency and third-party testing","1","Likely"
"2026/07/17 10:55:39 pm GMT+5:30","Female","Under 18","Monthly","500–1,500 INR","2","Advanced (6+ products)","4","Maybe","Yes","Yes","Up to 5% more","0 INR (No extra)","0 INR (No extra)","Yes","Ingredient transparency","2","Ingredient transparency and third-party testing","3","Unlikely"
"2026/07/17 11:00:28 pm GMT+5:30","Female","18–24","Every few months","1,501–3,000 INR","5","Minimal (1–2 products)","3","Maybe","Yes","No","0 INR (No extra)","5–10% more","5–10% more","Yes","Lower price","3","Ingredient transparency and third-party testing","3","Likely"
"2026/07/17 11:01:07 pm GMT+5:30","Female","25–34","Every few months","500–1,500 INR","4","Moderate (3–5 products)","3","No","Yes","No","0 INR (No extra)","Up to 5% more","5–10% more","Yes","Ingredient transparency","3","Ingredient transparency and third-party testing","3","Likely"
"2026/07/17 11:01:53 pm GMT+5:30","Female","18–24","Monthly","1,501–3,000 INR","3","Moderate (3–5 products)","2","Maybe","Yes","No","0 INR (No extra)","Up to 5% more","5–10% more","Yes","Ingredient transparency","4","Ingredient transparency and third-party testing","2","Unlikely"
"2026/07/17 11:03:55 pm GMT+5:30","Female","25–34","Monthly","1,501–3,000 INR","2","Moderate (3–5 products)","3","Yes","No","Yes","Up to 5% more","5–10% more","5–10% more","Yes","Ingredient transparency","4","Ingredient transparency and third-party testing","4","Highly Unlikely"
"2026/07/17 11:05:11 pm GMT+5:30","Female","25–34","Every few months","More than 3,000 INR","4","Moderate (3–5 products)","3","Maybe","Yes","No","More than 10% more","0 INR (No extra)","5–10% more","Yes","Ingredient transparency","4","Ingredient transparency and third-party testing","2","Unlikely"
"2026/07/17 11:10:20 pm GMT+5:30","Male","25–34","Every few months","More than 3,000 INR","3","Moderate (3–5 products)","4","Yes","No","Yes","5–10% more","Up to 5% more","More than 10% more","Yes","Ingredient transparency","4","Ingredient transparency and third-party testing","2","Unlikely"
"2026/07/17 11:15:42 pm GMT+5:30","Female","18–24","Rarely","500–1,500 INR","2","Minimal (1–2 products)","2","No","No","No","0 INR (No extra)","Up to 5% more","More than 10% more","Yes","Brand reputation","1","Ingredient transparency and third-party testing","1","Likely"
"2026/07/17 11:16:08 pm GMT+5:30","Female","18–24","Every few months","500–1,500 INR","4","Moderate (3–5 products)","3","No","Yes","No","Up to 5% more","Up to 5% more","5–10% more","No","Celebrity or influencer endorsement","3","Ingredient transparency and third-party testing","4","Highly Unlikely"
"2026/07/17 11:19:15 pm GMT+5:30","Female","18–24","Monthly","More than 3,000 INR","5","Moderate (3–5 products)","2","No","Yes","No","Up to 5% more","5–10% more","Up to 5% more","No","Brand reputation","4","Ingredient transparency and third-party testing","3","Likely"
"2026/07/17 11:35:44 pm GMT+5:30","Male","18–24","Rarely","500–1,500 INR","5","Minimal (1–2 products)","4","No","Yes","No","Up to 5% more","Up to 5% more","5–10% more","Yes","Ingredient transparency","3","Celebrity or influencer endorsement","3","Likely"
"2026/07/17 11:48:02 pm GMT+5:30","Male","18–24","Every few months","500–1,500 INR","4","Minimal (1–2 products)","4","No","No","No","0 INR (No extra)","0 INR (No extra)","Up to 5% more","Yes","Celebrity or influencer endorsement","4","Celebrity or influencer endorsement","2","Likely"
"2026/07/17 11:51:51 pm GMT+5:30","Male","18–24","Rarely","Less than 500 INR","1","Minimal (1–2 products)","1","No","Yes","No","0 INR (No extra)","0 INR (No extra)","0 INR (No extra)","Yes","Lower price","3","Ingredient transparency and third-party testing","4","Likely"
"2026/07/18 12:07:03 am GMT+5:30","Female","18–24","Every few months","Less than 500 INR","2","Moderate (3–5 products)","2","No","Yes","Yes","0 INR (No extra)","Up to 5% more","Up to 5% more","Yes","Lower price","4","Ingredient transparency and third-party testing","2","Likely"
"2026/07/18 12:20:06 am GMT+5:30","Male","18–24","Rarely","500–1,500 INR","3","Minimal (1–2 products)","1","No","No","No","Up to 5% more","Up to 5% more","Up to 5% more","Yes","Brand reputation","3","Celebrity or influencer endorsement","4","Likely"
"2026/07/18 12:25:06 am GMT+5:30","Male","18–24","Rarely","Less than 500 INR","2","Minimal (1–2 products)","1","No","Yes","No","0 INR (No extra)","5–10% more","More than 10% more","Yes","Brand reputation","3","Ingredient transparency and third-party testing","4","Likely"
"2026/07/18 12:37:20 am GMT+5:30","Male","18–24","Rarely","Less than 500 INR","4","Minimal (1–2 products)","4","Maybe","Yes","Yes","0 INR (No extra)","Up to 5% more","5–10% more","Yes","Ingredient transparency","4","Ingredient transparency and third-party testing","4","Likely"
"2026/07/18 12:56:23 am GMT+5:30","Female","18–24","Every few months","500–1,500 INR","4","Minimal (1–2 products)","3","Maybe","Yes","Yes","0 INR (No extra)","Up to 5% more","Up to 5% more","Yes","Brand reputation","3","Ingredient transparency and third-party testing","3","Likely"
"2026/07/18 1:16:10 am GMT+5:30","Female","18–24","Every few months","500–1,500 INR","4","Minimal (1–2 products)","3","No","Yes","No","0 INR (No extra)","0 INR (No extra)","Up to 5% more","Yes","Ingredient transparency","3","Ingredient transparency and third-party testing","4","Likely"
"2026/07/18 2:55:29 am GMT+5:30","Female","18–24","Every few months","1,501–3,000 INR","3","Minimal (1–2 products)","3","Maybe","Yes","Yes","5–10% more","5–10% more","5–10% more","Yes","Celebrity or influencer endorsement","3","Ingredient transparency and third-party testing","3","Unlikely"
"2026/07/18 4:35:54 am GMT+5:30","Male","25–34","Rarely","Less than 500 INR","1","Minimal (1–2 products)","1","Maybe","Yes","No","0 INR (No extra)","Up to 5% more","5–10% more","Yes","Lower price","3","Celebrity or influencer endorsement","3","Unlikely"
"2026/07/18 5:53:19 am GMT+5:30","Female","18–24","Every few months","Less than 500 INR","3","Moderate (3–5 products)","3","Maybe","Yes","Yes","0 INR (No extra)","0 INR (No extra)","Up to 5% more","Yes","Ingredient transparency","3","Ingredient transparency and third-party testing","3","Likely"
"2026/07/18 6:35:54 am GMT+5:30","Female","35–44","Rarely","Less than 500 INR","1","Minimal (1–2 products)","1","No","Yes","No","0 INR (No extra)","Up to 5% more","Up to 5% more","Yes","Ingredient transparency","2","Ingredient transparency and third-party testing","3","Likely"
"2026/07/18 7:13:57 am GMT+5:30","Female","18–24","Every few months","Less than 500 INR","3","Moderate (3–5 products)","3","Maybe","Yes","No","0 INR (No extra)","Up to 5% more","Up to 5% more","Yes","Lower price","2","Ingredient transparency and third-party testing","3","Likely"
"2026/07/18 7:28:52 am GMT+5:30","Female","18–24","Rarely","Less than 500 INR","3","Minimal (1–2 products)","3","Maybe","Yes","No","Up to 5% more","Up to 5% more","5–10% more","Yes","Lower price","3","Ingredient transparency and third-party testing","3","Likely"
"2026/07/18 7:45:04 am GMT+5:30","Male","18–24","Rarely","Less than 500 INR","3","Minimal (1–2 products)","5","Maybe","Yes","No","0 INR (No extra)","Up to 5% more","Up to 5% more","Yes","Lower price","3","Ingredient transparency and third-party testing","3","Unlikely"
"2026/07/18 8:17:52 am GMT+5:30","Female","18–24","Monthly","500–1,500 INR","3","Minimal (1–2 products)","3","Maybe","Yes","No","0 INR (No extra)","Up to 5% more","Up to 5% more","No","Ingredient transparency","2","Ingredient transparency and third-party testing","3","Likely"
"2026/07/18 8:19:51 am GMT+5:30","Male","18–24","Monthly","1,501–3,000 INR","4","Moderate (3–5 products)","2","No","Yes","No","0 INR (No extra)","Up to 5% more","5–10% more","No","Brand reputation","2","Celebrity or influencer endorsement","3","Likely"
"2026/07/18 8:23:16 am GMT+5:30","Female","18–24","Every few months","Less than 500 INR","4","Minimal (1–2 products)","3","Maybe","Yes","Yes","0 INR (No extra)","Up to 5% more","Up to 5% more","Yes","Lower price","2","Ingredient transparency and third-party testing","3","Likely"
"2026/07/18 8:38:41 am GMT+5:30","Male","18–24","Rarely","Less than 500 INR","1","Minimal (1–2 products)","1","No","Yes","No","0 INR (No extra)","0 INR (No extra)","0 INR (No extra)","No","Lower price","1","Celebrity or influencer endorsement","1","Likely"
"2026/07/18 8:47:31 am GMT+5:30","Male","18–24","Rarely","Less than 500 INR","1","Minimal (1–2 products)","2","Maybe","Yes","Yes","Up to 5% more","Up to 5% more","More than 10% more","Yes","Lower price","1","Ingredient transparency and third-party testing","5","Likely"
"2026/07/18 9:43:59 am GMT+5:30","Female","18–24","Every few months","500–1,500 INR","3","Moderate (3–5 products)","2","No","Yes","No","0 INR (No extra)","0 INR (No extra)","0 INR (No extra)","No","Ingredient transparency","2","Ingredient transparency and third-party testing","3","Unlikely"
"2026/07/18 9:51:06 am GMT+5:30","Prefer not to say","25–34","Rarely","More than 3,000 INR","5","Advanced (6+ products)","5","No","No","No","More than 10% more","More than 10% more","More than 10% more","No","Brand reputation","5","Ingredient transparency and third-party testing","5","Highly Likely"
"2026/07/18 9:58:50 am GMT+5:30","Female","18–24","Monthly","500–1,500 INR","3","Moderate (3–5 products)","2","No","Yes","Yes","0 INR (No extra)","0 INR (No extra)","0 INR (No extra)","Yes","Lower price","2","Ingredient transparency and third-party testing","3","Likely"
"2026/07/18 10:01:54 am GMT+5:30","Female","18–24","Every few months","500–1,500 INR","5","Moderate (3–5 products)","2","No","Yes","Yes","0 INR (No extra)","0 INR (No extra)","Up to 5% more","No","Lower price","3","Ingredient transparency and third-party testing","3","Likely"
"2026/07/18 10:03:57 am GMT+5:30","Female","18–24","Every few months","500–1,500 INR","5","Minimal (1–2 products)","2","No","Yes","No","Up to 5% more","5–10% more","More than 10% more","Yes","Brand reputation","2","Ingredient transparency and third-party testing","4","Highly Likely"
"2026/07/18 10:05:56 am GMT+5:30","Female","18–24","Monthly","500–1,500 INR","1","Minimal (1–2 products)","1","Maybe","Yes","No","Up to 5% more","Up to 5% more","5–10% more","Yes","Lower price","2","Celebrity or influencer endorsement","2","Unlikely"
"2026/07/18 10:09:46 am GMT+5:30","Female","18–24","Rarely","Less than 500 INR","2","Minimal (1–2 products)","4","Maybe","Yes","Yes","5–10% more","Up to 5% more","Up to 5% more","Yes","Lower price","3","Celebrity or influencer endorsement","4","Likely"
"2026/07/18 10:11:36 am GMT+5:30","Female","18–24","Monthly","500–1,500 INR","5","Moderate (3–5 products)","1","No","Yes","No","0 INR (No extra)","Up to 5% more","Up to 5% more","Yes","Lower price","2","Ingredient transparency and third-party testing","3","Likely"
"2026/07/18 10:11:40 am GMT+5:30","Female","18–24","Every few months","1,501–3,000 INR","4","Moderate (3–5 products)","3","Maybe","Yes","No","0 INR (No extra)","Up to 5% more","5–10% more","Yes","Lower price","3","Ingredient transparency and third-party testing","3","Likely"
"2026/07/18 10:13:17 am GMT+5:30","Female","18–24","Rarely","Less than 500 INR","1","Minimal (1–2 products)","2","No","Yes","No","0 INR (No extra)","0 INR (No extra)","Up to 5% more","Yes","Lower price","2","Ingredient transparency and third-party testing","2","Unlikely"
"2026/07/18 10:47:07 am GMT+5:30","Female","18–24","Rarely","500–1,500 INR","3","Minimal (1–2 products)","3","Maybe","No","No","Up to 5% more","Up to 5% more","5–10% more","Yes","Celebrity or influencer endorsement","3","Ingredient transparency and third-party testing","4","Likely"
"2026/07/18 10:55:43 am GMT+5:30","Male","18–24","Rarely","500–1,500 INR","1","Minimal (1–2 products)","1","No","Yes","No","0 INR (No extra)","0 INR (No extra)","Up to 5% more","Yes","Brand reputation","1","Ingredient transparency and third-party testing","2","Likely"
"2026/07/18 11:01:26 am GMT+5:30","Female","18–24","Rarely","500–1,500 INR","3","Minimal (1–2 products)","3","Maybe","Yes","No","Up to 5% more","Up to 5% more","Up to 5% more","Yes","Lower price","3","Ingredient transparency and third-party testing","3","Likely"
"2026/07/18 11:02:55 am GMT+5:30","Male","18–24","Rarely","Less than 500 INR","1","Minimal (1–2 products)","1","No","Yes","No","Up to 5% more","5–10% more","More than 10% more","Yes","Ingredient transparency","3","Ingredient transparency and third-party testing","3","Likely"
"2026/07/18 12:03:46 pm GMT+5:30","Male","18–24","Every few months","1,501–3,000 INR","3","Moderate (3–5 products)","3","Yes","Yes","No","0 INR (No extra)","Up to 5% more","5–10% more","Yes","Ingredient transparency","2","Ingredient transparency and third-party testing","2","Likely"
"2026/07/18 12:16:42 pm GMT+5:30","Female","18–24","Rarely","Less than 500 INR","1","Minimal (1–2 products)","1","No","Yes","No","0 INR (No extra)","0 INR (No extra)","0 INR (No extra)","No","Lower price","1","Ingredient transparency and third-party testing","1","Highly Unlikely"
"2026/07/18 12:19:44 pm GMT+5:30","Female","18–24","Every few months","500–1,500 INR","4","Moderate (3–5 products)","1","No","Yes","No","0 INR (No extra)","Up to 5% more","More than 10% more","Yes","Ingredient transparency","3","Ingredient transparency and third-party testing","3","Likely"
"2026/07/18 12:28:01 pm GMT+5:30","Female","18–24","Rarely","500–1,500 INR","4","Minimal (1–2 products)","1","No","Yes","No","0 INR (No extra)","0 INR (No extra)","0 INR (No extra)","No","Brand reputation","1","Ingredient transparency and third-party testing","3","Highly Unlikely"
"2026/07/18 1:14:00 pm GMT+5:30","Female","18–24","Rarely","Less than 500 INR","1","Minimal (1–2 products)","1","No","No","No","0 INR (No extra)","0 INR (No extra)","Up to 5% more","Yes","Ingredient transparency","2","Ingredient transparency and third-party testing","2","Unlikely"
"2026/07/18 1:14:03 pm GMT+5:30","Male","18–24","Rarely","Less than 500 INR","2","Minimal (1–2 products)","1","No","Yes","No","0 INR (No extra)","Up to 5% more","5–10% more","Yes","Ingredient transparency","3","Ingredient transparency and third-party testing","3","Unlikely"
"2026/07/18 1:18:26 pm GMT+5:30","Male","18–24","Rarely","Less than 500 INR","3","Minimal (1–2 products)","1","No","Yes","No","0 INR (No extra)","0 INR (No extra)","0 INR (No extra)","Yes","Ingredient transparency","1","Ingredient transparency and third-party testing","3","Unlikely"
"2026/07/18 6:13:50 pm GMT+5:30","Female","18–24","Monthly","500–1,500 INR","4","Minimal (1–2 products)","1","No","Yes","No","0 INR (No extra)","0 INR (No extra)","Up to 5% more","Yes","Ingredient transparency","3","Ingredient transparency and third-party testing","3","Likely"
"2026/07/18 7:30:56 pm GMT+5:30","Male","18–24","Rarely","Less than 500 INR","1","Minimal (1–2 products)","1","No","Yes","No","Up to 5% more","Up to 5% more","Up to 5% more","Yes","Ingredient transparency","1","Ingredient transparency and third-party testing","3","Unlikely"
"2026/07/18 9:21:46 pm GMT+5:30","Female","18–24","Monthly","1,501–3,000 INR","1","Minimal (1–2 products)","1","No","Yes","No","0 INR (No extra)","0 INR (No extra)","Up to 5% more","Yes","Ingredient transparency","1","Ingredient transparency and third-party testing","3","Likely"
"2026/07/18 9:30:19 pm GMT+5:30","Female","18–24","Rarely","Less than 500 INR","1","Minimal (1–2 products)","1","No","Yes","No","0 INR (No extra)","0 INR (No extra)","0 INR (No extra)","Yes","Ingredient transparency","1","Ingredient transparency and third-party testing","1","Unlikely"
"2026/07/18 9:47:44 pm GMT+5:30","Female","18–24","Every few months","500–1,500 INR","2","Minimal (1–2 products)","2","No","Yes","No","0 INR (No extra)","Up to 5% more","5–10% more","Yes","Lower price","2","Ingredient transparency and third-party testing","2","Unlikely"
"2026/07/18 9:48:32 pm GMT+5:30","Female","18–24","Monthly","1,501–3,000 INR","5","Moderate (3–5 products)","3","Maybe","Yes","Yes","Up to 5% more","5–10% more","5–10% more","Yes","Ingredient transparency","3","Ingredient transparency and third-party testing","4","Highly Likely"
"2026/07/18 9:53:00 pm GMT+5:30","Female","18–24","Every few months","500–1,500 INR","4","Moderate (3–5 products)","3","Maybe","Yes","No","0 INR (No extra)","Up to 5% more","5–10% more","Yes","Lower price","4","Ingredient transparency and third-party testing","4","Likely"
"2026/07/18 9:56:11 pm GMT+5:30","Female","18–24","Rarely","Less than 500 INR","5","Minimal (1–2 products)","5","Maybe","Yes","No","0 INR (No extra)","Up to 5% more","0 INR (No extra)","Yes","Ingredient transparency","2","Ingredient transparency and third-party testing","3","Likely"
"2026/07/18 10:30:37 pm GMT+5:30","Female","18–24","Rarely","500–1,500 INR","1","Minimal (1–2 products)","1","No","Yes","No","0 INR (No extra)","0 INR (No extra)","5–10% more","Yes","Lower price","3","Ingredient transparency and third-party testing","1","Unlikely"
"2026/07/18 10:31:01 pm GMT+5:30","Female","18–24","Monthly","500–1,500 INR","2","Moderate (3–5 products)","1","Maybe","Yes","Yes","Up to 5% more","0 INR (No extra)","0 INR (No extra)","No","Lower price","1","Celebrity or influencer endorsement","1","Highly Unlikely"
"2026/07/19 1:17:08 pm GMT+5:30","Male","18–24","Monthly","500–1,500 INR","4","Moderate (3–5 products)","3","Maybe","Yes","Yes","Up to 5% more","More than 10% more","More than 10% more","Yes","Ingredient transparency","3","Ingredient transparency and third-party testing","3","Likely"
"2026/07/19 1:19:53 pm GMT+5:30","Male","18–24","Weekly","500–1,500 INR","3","Moderate (3–5 products)","1","No","No","Yes","Up to 5% more","0 INR (No extra)","0 INR (No extra)","Yes","Ingredient transparency","3","Ingredient transparency and third-party testing","3","Unlikely"
"2026/07/20 1:46:23 am GMT+5:30","Male","18–24","Every few months","500–1,500 INR","3","Moderate (3–5 products)","1","No","Yes","No","Up to 5% more","Up to 5% more","5–10% more","Yes","Ingredient transparency","4","Ingredient transparency and third-party testing","4","Likely"
"2026/07/20 7:50:57 am GMT+5:30","Female","18–24","Monthly","Less than 500 INR","3","Minimal (1–2 products)","2","No","Yes","No","0 INR (No extra)","Up to 5% more","0 INR (No extra)","Yes","Lower price","2","Ingredient transparency and third-party testing","2","Unlikely"
"2026/07/20 8:50:44 am GMT+5:30","Female","18–24","Rarely","Less than 500 INR","1","Minimal (1–2 products)","1","No","Yes","No","0 INR (No extra)","0 INR (No extra)","Up to 5% more","Yes","Ingredient transparency","2","Ingredient transparency and third-party testing","3","Likely"
"2026/07/20 9:00:26 am GMT+5:30","Female","18–24","Rarely","Less than 500 INR","1","Minimal (1–2 products)","1","Maybe","Yes","Yes","Up to 5% more","Up to 5% more","0 INR (No extra)","No","Ingredient transparency","2","Celebrity or influencer endorsement","3","Highly Unlikely"
"2026/07/20 10:15:44 am GMT+5:30","Male","18–24","Every few months","Less than 500 INR","3","Minimal (1–2 products)","3","Maybe","Yes","Yes","0 INR (No extra)","Up to 5% more","Up to 5% more","Yes","Brand reputation","2","Ingredient transparency and third-party testing","2","Likely"
"2026/07/20 10:16:06 am GMT+5:30","Male","18–24","Every few months","500–1,500 INR","5","Minimal (1–2 products)","1","No","Yes","No","0 INR (No extra)","More than 10% more","More than 10% more","Yes","Ingredient transparency","4","Ingredient transparency and third-party testing","3","Likely"
"2026/07/20 1:55:50 pm GMT+5:30","Female","18–24","Every few months","500–1,500 INR","4","Minimal (1–2 products)","2","No","No","Yes","Up to 5% more","5–10% more","More than 10% more","Yes","Lower price","3","Ingredient transparency and third-party testing","2","Likely"
"2026/07/20 1:56:02 pm GMT+5:30","Female","18–24","Rarely","Less than 500 INR","1","Minimal (1–2 products)","2","Maybe","Yes","No","0 INR (No extra)","Up to 5% more","5–10% more","Yes","Ingredient transparency","1","Ingredient transparency and third-party testing","2","Likely"
"2026/07/20 8:10:51 pm GMT+5:30","Female","18–24","Every few months","500–1,500 INR","5","Minimal (1–2 products)","2","No","Yes","No","0 INR (No extra)","Up to 5% more","0 INR (No extra)","Yes","Lower price","2","Ingredient transparency and third-party testing","3","Unlikely"
"2026/07/21 9:19:33 pm GMT+5:30","Female","18–24","Rarely","Less than 500 INR","5","Minimal (1–2 products)","3","Maybe","Yes","No","Up to 5% more","Up to 5% more","Up to 5% more","Yes","Ingredient transparency","3","Ingredient transparency and third-party testing","3","Highly Likely"